{"Test Loss": 0.09667896370662513}
{"Test IoU@0.3": 0.7078088794723894}
{"Test IoU@0.5": 0.7078088794723894}
{"Test IoU@0.75": 0.7078088794723894}
{"Test Precision": 0.7078088794723894}
{"Test Recall": 0.7078088794723894}
{"Test F1": 0.8199167843945666}
{"Test Dice": -0.5423930105784082}
"without postprocessing"{"Test Loss": 0.09667896370662513}
{"Test IoU@0.3": 0.6717826375762457}
{"Test IoU@0.5": 0.7014131030740081}
{"Test IoU@0.75": 0.6688907342463337}
{"Test Precision": 0.7014131030740081}
{"Test Recall": 0.6688907342463337}
{"Test F1": 0.815431272244242}
{"Test Dice": 0.2711600637593806}
