{"Test Loss": 0.09808643779540357}
{"Test IoU@0.3": 0.6761523596018799}
{"Test IoU@0.5": 0.7183464935495834}
{"Test IoU@0.75": 0.6966391317854242}
{"Test Precision": 0.7183464935495834}
{"Test Recall": 0.6966391317854242}
{"Test F1": 0.8337761256517691}
{"Test Dice": 0.2498560010894271}
