{"Test Loss": 0.09326924108984935}
{"Test IoU@0.3": 0.7201619837525616}
{"Test IoU@0.5": 0.7201619837525616}
{"Test IoU@0.75": 0.7201619837525616}
{"Test Precision": 0.7201619837525616}
{"Test Recall": 0.7201619837525616}
{"Test F1": 0.8317446793076465}
{"Test Dice": -0.5394424705315899}
