{"Test Loss": 0.09329373983681695}
{"Test IoU@0.3": 0.6979579942778122}
{"Test IoU@0.5": 0.7267960093238137}
{"Test IoU@0.75": 0.6817405790336861}
{"Test Precision": 0.7267960093238137}
{"Test Recall": 0.6817405790336861}
{"Test F1": 0.8408865923799302}
{"Test Dice": 0.24249371221242857}
